sbsconfig,runnum,target,sbsmagcurr(A),bbmagcurr(A),ebeam_mean(GeV),ebeam_std(GeV)
4,11449,LD2,630,750,3.739548005416666,0.00022788437962342848
4,11451,LD2,630,750,3.739344344459459,0.00021450682815166286
4,11452,LD2,630,750,3.7394360236507933,0.0001282019777107329
4,11456,LD2,630,750,3.7394137558333322,0.00017533923785000878
4,11493,LD2,630,750,3.739209929407407,0.0003460819362294256
4,11494,LD2,630,750,3.739075018118279,0.00010248189146962049
4,11495,LD2,630,750,3.7391588445454538,0.00010708285708202169
4,11496,LD2,630,750,3.739081594938271,8.792006787844329e-05
4,11551,LD2,630,750,3.7392084671212116,0.00018731496779304598
4,11554,LD2,630,750,3.7391762575438587,0.0001990087476205979
4,11562,LD2,630,750,3.7393234169999996,0.0001344811046525452
4,11563,LD2,630,750,3.7393504979999994,4.410159558703917e-05
4,11564,LD2,630,750,3.7393405974193543,3.555915956960639e-05
4,11565,LD2,630,750,3.739309255595238,0.0001227875723405189
4,11568,LD2,630,750,3.739336986321838,4.909433191155833e-05
4,11570,LD2,630,750,3.739298871886792,0.00012684871154028819
4,11571,LD2,630,750,3.7393156795714284,8.992080111817231e-05
4,11579,LD2,0,750,3.7393225736815916,9.730182831985221e-05
4,11580,LD2,0,750,3.73932753275862,9.870731108907761e-05
4,11581,LD2,0,750,3.739328092957746,9.65558563792464e-05
4,11582,LD2,0,750,3.739303790113636,0.00010256132494047009
4,11583,LD2,0,750,3.7391904867934778,0.0001746337205966119
4,11586,LD2,0,750,3.739278017472527,0.00012990227991559848
4,11593,LD2,1050,750,3.7393301175147924,0.00020544232566230768
4,11594,LD2,1050,750,3.739333538181817,0.0001890083768819161
4,11595,LD2,1050,750,3.7394342126785705,7.253997284224385e-05
7,11996,LD2,1785,750,7.9308120075,0.0005586720764640328
7,11997,LD2,1785,750,7.931054356629212,0.00025513409503165617
7,11998,LD2,1785,750,7.930868755373134,0.0008168914681141286
7,11999,LD2,1785,750,7.930974813349753,0.0007954084546781351
7,12001,LD2,1785,750,7.930663327499998,0.0008606310657801846
7,12002,LD2,1785,750,7.9310822776354675,0.0009862702407397
7,12004,LD2,1785,750,7.930917715833332,0.0005337202910184821
7,12006,LD2,1785,750,7.931004347499999,0.00101526103195664
7,12013,LD2,1785,750,7.931136556666665,0.00039563003694345866
7,12014,LD2,1785,750,7.930992834569892,0.000614385295440148
7,12017,LD2,1785,750,7.93117956369458,0.00048769449902956376
7,12019,LD2,1785,750,7.931130451280787,0.0005111801718805777
7,12021,LD2,1785,750,7.930735328571428,0.0005708764835120469
7,12029,LD2,1785,750,7.930836616748768,0.0007591035965608068
7,12030,LD2,1785,750,7.930792000541871,0.0006473675868283484
7,12038,LD2,1785,750,7.9307214446798024,0.00039712798560743626
7,12039,LD2,1785,750,7.930700425641025,0.00012101694756836148
7,12040,LD2,1785,750,7.930749781739129,0.00031467682728988575
7,12041,LD2,1785,750,7.930698678333333,0.0004144008078302761
7,12042,LD2,1785,750,7.9306826093103435,0.0003539962492803082
7,12043,LD2,1785,750,7.930815127692307,0.00021995081055648357
7,12044,LD2,1785,750,7.930617339432989,0.00034797947928378166
7,12045,LD2,1785,750,7.930592339310344,0.00040309413172377436
7,12046,LD2,1785,750,7.930381066995073,0.0004376311382029637
7,12047,LD2,1785,750,7.9308801459605895,0.000380600884409456
7,12048,LD2,1785,750,7.930782041953124,0.00041289577720195246
7,12050,LD2,1785,750,7.930535886735751,0.0004149097265557837
7,12051,LD2,1785,750,7.930668181921182,0.00025256633483277915
7,12055,LD2,1785,750,7.930260554166666,0.0002381922601148587
7,12056,LD2,1785,750,7.930811022955663,0.0005112947621976005
7,12057,LD2,1785,750,7.930813839261083,0.0005233809557308095
7,12059,LD2,1785,750,7.930859097783251,0.00044494791367807174
7,12060,LD2,1785,750,7.930650789999999,0.0005726440505780228
7,12062,LD2,1785,750,7.931079823249999,0.00036286825580665615
7,12063,LD2,1785,750,7.930977827290639,0.0004992977369826318
7,12065,LD2,1785,750,7.930936202499999,0.0005577819677424856
7,12066,LD2,1785,750,7.930732808719211,0.0006312519128624949
7,12068,LD2,1785,750,7.931267193679999,0.0002103737170186037
7,12069,LD2,1785,750,7.93114409029197,0.0006017277439892267
7,12070,LD2,1785,750,7.931074088617884,0.0004889669636874091
7,12071,LD2,1785,750,7.931032028817734,0.0005198527456761593
7,12073,LD2,1785,750,7.931036623842363,0.0005241567816186247
11,12314,LD2,2100,750,9.88870426393899,0.00031620780471778534
11,12315,LD2,2100,750,9.888707548625304,0.00039333231827356417
11,12316,LD2,2100,750,9.888890351034481,0.00031633012393846716
11,12318,LD2,2100,750,9.88921937818701,0.00010785167847851468
11,12319,LD2,2100,750,9.8892787175,0.0004416286767445523
11,12321,LD2,2100,750,9.889070303440858,0.0003490474656101332
11,12322,LD2,2100,750,9.889136407192117,0.00034701641273049573
11,12323,LD2,2100,750,9.889332633614458,0.00033687661862637474
11,12333,LD2,2100,750,9.888885786517132,0.00022531323796381138
11,12337,LD2,2100,750,9.888971431404336,0.0003070718342661311
11,12338,LD2,2100,750,9.889103086358972,0.00018184210823337778
11,12339,LD2,2100,750,9.88912923165488,0.00027915668127839
11,12341,LD2,2100,750,9.889151923838027,0.0005444361485241443
11,12342,LD2,2100,750,9.889125745559845,0.00017741238439212376
11,12343,LD2,2100,750,9.889221085807126,0.0002739550887332646
11,12344,LD2,2100,750,9.889260338967214,0.000189868215277002
11,12346,LD2,2100,750,9.889342796089158,0.00021307767354907477
11,12347,LD2,2100,750,9.88926974583461,0.0001503879587460393
11,12348,LD2,2100,750,9.889219186385677,0.00023939117147290436
11,12349,LD2,2100,750,9.88921424763975,0.00015360983089637126
11,12356,LD2,2100,750,9.888937963580355,0.00029142424970578993
11,12357,LD2,2100,750,9.889217091325966,0.00019264532602791568
11,12359,LD2,2100,750,9.889236618284883,0.00021186162621355918
11,12360,LD2,2100,750,9.889193708026431,0.0002739217939111554
11,12362,LD2,2100,750,9.889131824050631,0.00024276425237859407
11,12364,LD2,2100,750,9.889067126057109,0.00018505152198951738
11,12366,LD2,2100,750,9.889148113420074,0.0002653370614870805
11,12371,LD2,2100,750,9.889217748613138,4.572225621633755e-05
11,12372,LD2,2100,750,9.889077885918367,0.00022137740401642506
11,12373,LD2,2100,750,9.889086544716006,0.00018830306038909947
11,12374,LD2,2100,750,9.889094026666665,0.00014266590318819388
11,12375,LD2,2100,750,9.889095651893491,0.00014062259089080799
11,12376,LD2,2100,750,9.889140496297786,0.00016802827457585017
11,12377,LD2,2100,750,9.889193513194707,0.0001403098269697006
11,12378,LD2,2100,750,9.889233407777777,0.0001340146974126353
11,12379,LD2,2100,750,9.889177699335393,0.0001598300763023248
11,12383,LD2,2100,750,9.888956323669872,0.0002001343996589463
11,12384,LD2,2100,750,9.88883204321495,0.00019919717751207567
11,12385,LD2,2100,750,9.888854078749999,0.00017799248458240879
11,12387,LD2,2100,750,9.889125595337518,0.00021277248833448257
11,12388,LD2,2100,750,9.88917136224652,0.00019755916196297416
11,12394,LD2,2100,750,9.889151656601381,0.00021341534674278707
11,12395,LD2,2100,750,9.889044702956763,0.0002045098290871493
11,12396,LD2,2100,750,9.88907959652733,0.00013882380542234988
11,12403,LD2,2100,750,9.88868056655532,0.0002816508794712267
11,12404,LD2,2100,750,9.888758997722341,0.00025331211830853105
11,12405,LD2,2100,750,9.88880137552783,0.00023840206255660966
11,12406,LD2,2100,750,9.888859689610193,0.00029183026404089584
11,12407,LD2,2100,750,9.888643877348242,0.0002638856471219434
11,12408,LD2,2100,750,9.888643953705973,0.00028108580023602267
11,12409,LD2,2100,750,9.88867221231884,0.0003051500508925277
11,12410,LD2,2100,750,9.88910380967071,0.0001219858118356661
11,12411,LD2,2100,750,9.88922862904,6.06472730299625e-05
11,12412,LD2,2100,750,9.889101661197769,0.00016878789720207367
11,12416,LD2,2100,750,9.889038379999999,9.263054803451519e-05
11,12423,LD2,2100,750,9.88890990481818,0.00026042382624691656
11,12424,LD2,2100,750,9.888757745392489,0.00021087510914816025
11,12425,LD2,2100,750,9.888775012188612,0.0002273917229125443
11,12473,LD2,2100,750,9.888953088260072,0.0003373641891576589
11,12474,LD2,2100,750,9.888927752305936,0.0002072891642849435
11,12478,LD2,2100,750,9.88896869610829,0.00021669796083801138
11,12479,LD2,2100,750,9.888844816753926,0.00022979702606973639
11,12480,LD2,2100,750,9.888730205717172,0.00019828452532180669
11,12481,LD2,2100,750,9.888972804801444,0.0002598256076322365
11,12482,LD2,2100,750,9.889125784285712,0.000160199153062249
11,12485,LD2,2100,750,9.88893489116451,0.00037022726296075294
11,12486,LD2,2100,750,9.88894071050943,0.0003918237167417722
11,12498,LD2,2100,750,9.889149274602648,0.00029313117103623836
11,12499,LD2,2100,750,9.88905433160183,0.00014524344366193627
11,12500,LD2,2100,750,9.888994229252335,0.00011899489532988409
11,12501,LD2,2100,750,9.889058439999998,0.0002848855490803023
11,12502,LD2,2100,750,9.888978053040292,0.00014430905839876119
11,12512,LD2,2100,750,9.889032686278194,0.0001568334871851093
11,12513,LD2,2100,750,9.889035136096654,0.00015530795145266729
11,12514,LD2,2100,750,9.889037972125692,0.0001609697853856732
11,12515,LD2,2100,750,9.889037280821915,0.00018727389312560996
11,12516,LD2,2100,750,9.88911384111111,0.00016204573285451618
11,12517,LD2,2100,750,9.8889782,0.0
11,12521,LD2,2100,750,9.889064414323483,0.0002142205478092523
11,12523,LD2,2100,750,9.888968432565443,0.0003167064711110915
11,12527,LD2,2100,750,9.88911408890351,0.00017471265120869736
11,12532,LD2,2100,750,9.889062935427926,0.0001943065691743862
11,12534,LD2,2100,750,9.888997369891774,0.00017574250503020038
11,12535,LD2,2100,750,9.88909388385135,0.00017087419459353308
11,12536,LD2,2100,750,9.889094692390742,0.00017819983758502137
11,12537,LD2,2100,750,9.889084370092164,0.00015899449998867758
11,12538,LD2,2100,750,9.88915446980198,0.0001420394371994576
11,12539,LD2,2100,750,9.88902093944196,0.0001437514176395391
11,12541,LD2,2100,750,9.889009563971772,0.00023476987776863316
11,12542,LD2,2100,750,9.889127786585364,0.00017732611441530078
11,12543,LD2,2100,750,9.889127096681413,0.00015783342197749078
11,12544,LD2,2100,750,9.889186157429464,8.718652285237762e-05
11,12547,LD2,2100,750,9.889121667790052,0.0001401466860822145
11,12549,LD2,2100,750,9.888966029209485,0.00021429049448042867
11,12550,LD2,2100,750,9.888938499436366,0.00023910305462866737
11,12551,LD2,2100,750,9.888853688970295,0.00023823805668302686
11,12552,LD2,2100,750,9.888820902797494,0.0001917007170364942
11,12553,LD2,2100,750,9.88887197480427,0.00021230432251712018
11,12554,LD2,2100,750,9.888920975267858,0.00021321641089661598
11,12556,LD2,2100,750,9.88846919703896,0.00017160089962614796
11,12558,LD2,2100,750,9.888617569104476,0.0002389805844047308
11,12559,LD2,2100,750,9.888660963257575,0.00021575451497453689
11,12565,LD2,2100,750,9.888701084302552,0.00019407141404426177
11,12566,LD2,2100,750,9.888623023455343,0.00039409127572031795
11,12567,LD2,2100,750,9.888334727313167,0.00034647088550106736
11,12568,LD2,2100,750,9.888322795611886,0.0004015597488579181
11,12569,LD2,2100,750,9.88854305505338,0.0002381296483518902
11,12570,LD2,2100,750,9.8884730125,0.00025016320326998436
11,12571,LD2,2100,750,9.888696521127272,0.00028771684681995794
11,12572,LD2,2100,750,9.888849636830123,0.0002144831854533157
11,12574,LD2,2100,750,9.888794353007244,0.00030576224622765486
11,12577,LD2,2100,750,9.888664223851851,0.00041228436166652714
11,12580,LD2,2100,750,9.888739123429055,0.00021404350309043237
11,12581,LD2,2100,750,9.888912829272238,0.00028376332009810696
11,12582,LD2,2100,750,9.888885885842388,0.0003062556713327268
11,12583,LD2,2100,750,9.888573790399999,0.0002805671871195306
11,12584,LD2,2100,750,9.888746859724954,0.00021651833596688646
11,12585,LD2,2100,750,9.888702676654136,0.00025420385358605095
11,12586,LD2,2100,750,9.888550467257767,0.00029069929789340396
11,12589,LD2,2100,750,9.888661825664844,0.00026626329556383755
11,12590,LD2,2100,750,9.888933304952152,0.00031430439341323505
11,12592,LD2,2100,750,9.888999631007193,0.00022447412374178497
11,12593,LD2,2100,750,9.888964500878593,0.000299633616214006
11,12597,LD2,2100,750,9.888872221936682,0.00037948622477789227
11,12598,LD2,2100,750,9.888468356863635,0.0002876187494863926
11,12599,LD2,2100,750,9.888985077714285,0.00041267784911808717
11,12614,LD2,2100,750,9.888838581064892,0.00028756617157624795
11,12618,LD2,2100,750,9.888912002,0.0003607852564592352
11,12619,LD2,2100,750,9.888910679202898,0.00033813322409154795
11,12620,LD2,2100,750,9.888998882299267,0.0002727193833725665
11,12623,LD2,2100,750,9.889024798173718,0.00032949429674098904
11,12627,LD2,2100,750,9.889068174999998,0.000223310985823962
11,12628,LD2,2100,750,9.889149593144653,0.00024386395422191056
11,12638,LD2,2100,750,9.888852339677419,0.00035215006409973514
11,12639,LD2,2100,750,9.888945567183098,0.0001830595184095866
11,12641,LD2,2100,750,9.888901763041666,0.000281147563705322
11,12642,LD2,2100,750,9.88877524,0.00023649924693325787
11,12643,LD2,2100,750,9.888682229999997,0.00028472307767024113
11,12644,LD2,2100,750,9.888788072499999,0.00038573373797544445
11,12645,LD2,2100,750,9.888485448525799,0.00042254600748400294
11,12647,LD2,2100,750,9.888781958716049,0.0004270746976339504
11,12653,LD2,2100,750,9.888171361436783,0.0003537730813530302
11,12654,LD2,2100,750,9.888237961234566,0.00022986223780449048
11,12655,LD2,2100,750,9.888528776554455,0.0002689440889625581
11,12656,LD2,2100,750,9.888711824111969,0.00021072917847187917
11,12659,LD2,2100,750,9.888813012399297,0.000274623169173345
11,12660,LD2,2100,750,9.888817897522122,0.000344282464764935
11,12661,LD2,2100,750,9.888610468526315,0.00028485407503548696
11,12662,LD2,2100,750,9.888846860788641,0.0003136544846989757
11,12664,LD2,2100,750,9.888544895240173,0.00048325431714622434
11,12666,LD2,2100,750,9.888524289148934,0.000295805696876222
11,12671,LD2,2100,750,9.888815596960653,0.0003087434108546047
11,12673,LD2,2100,750,9.88878640521452,0.0002344656597667001
11,12674,LD2,2100,750,9.888722402114752,0.0002473558593776308
11,12678,LD2,2100,750,9.888501075939395,0.0003690882849841646
11,12679,LD2,2100,750,9.888485240224524,0.00044510274659529514
11,12680,LD2,2100,750,9.888407804415323,0.0003107428352607265
11,12681,LD2,2100,750,9.888229915348836,7.931342858572089e-05
11,12682,LD2,2100,750,9.888304002310537,0.00033084595273615616
11,12683,LD2,2100,750,9.888190886275718,0.0002994168306413224
11,12684,LD2,2100,750,9.888017501666667,0.0002525287759179538
11,12686,LD2,2100,750,9.888085086496597,0.0006047917174009811
11,12687,LD2,2100,750,9.887604636098002,0.0004990225554815543
11,12688,LD2,2100,750,9.887345322097264,0.0005724956049097328
11,12693,LD2,2100,750,9.88894719818182,0.00017772367592277168
11,12694,LD2,2100,750,9.889000119729166,0.00017623356573849788
11,12695,LD2,2100,750,9.888996418929253,0.00016724410948766228
11,12697,LD2,2100,750,9.888980864557235,0.0001665134342621937
11,12699,LD2,2100,750,9.889121881788617,0.00010544597256717408
11,12700,LD2,2100,750,9.889215622941176,0.00016618982815210718
11,12701,LD2,2100,750,9.8891947513253,0.00015416155590452268
11,12702,LD2,2100,750,9.889123860163265,0.0001799934899321755
11,12706,LD2,2100,750,9.889135908072726,0.00014146011912951557
11,12707,LD2,2100,750,9.889200839253332,0.00013665283639254088
11,12708,LD2,2100,750,9.889199001019332,0.000138878971861354
11,12709,LD2,2100,750,9.889199700209424,0.00013882780322779358
11,12710,LD2,2100,750,9.889201824749998,0.00015916527991022018
11,12711,LD2,2100,750,9.889183431687897,0.00011597118864599668
11,12713,LD2,2100,750,9.889095425625,0.00011580017616395939
11,12714,LD2,2100,750,9.889081390291594,0.0001250962548082278
11,12715,LD2,2100,750,9.889132084931505,0.00014884002348460306
11,12721,LD2,2100,750,9.889162788169209,0.0002574012636009775
11,12722,LD2,2100,750,9.889086758903344,0.0001541410535020851
11,12726,LD2,0,750,9.889046641316963,0.00013511824774137528
11,12728,LD2,0,750,9.889020776786516,0.00018832288956951187
11,12729,LD2,0,750,9.889019729444442,0.00018203308892857816
11,12732,LD2,2100,750,9.888946964649264,0.00019197941086192827
11,12733,LD2,2100,750,9.888992638534882,0.00024332346681743428
11,12734,LD2,2100,750,9.888905119572367,0.00024145409811402038
11,12735,LD2,2100,750,9.888882963067093,0.00023803385192219017
11,12737,LD2,2100,750,9.889192730555555,0.00021177087883801607
11,12738,LD2,2100,750,9.889413915502553,0.00018033769025209797
11,12739,LD2,2100,750,9.889296504999999,0.00016401168479850258
11,12740,LD2,2100,750,9.889424165724465,0.0001850480825912847
11,12742,LD2,2100,750,9.888877372105261,0.00026814567496650317
11,12743,LD2,2100,750,9.889329302103894,0.00021218275105079179
11,12767,LD2,2100,750,9.889473858115629,0.00021067897384177906
11,12768,LD2,2100,750,9.889399525842446,0.0002439802994642624
11,12769,LD2,2100,750,9.889517732416268,0.0002313561843938552
11,12770,LD2,2100,750,9.889447383339999,0.00025138006749343374
11,12771,LD2,2100,750,9.88951946657351,0.00023657737679618108
11,12772,LD2,2100,750,9.889370046296678,0.000200751126631824
11,12773,LD2,2100,750,9.889348362172072,0.00014591571029703878
11,12778,LD2,2100,750,9.889424455215906,0.00019780717357147147
11,12779,LD2,2100,750,9.889321680892195,0.00020483056660921178
11,12781,LD2,2100,750,9.889206563352825,0.00023441998617515825
11,12782,LD2,2100,750,9.889344015571846,0.0001955865017229939
11,12796,LD2,2100,750,9.889251137575755,9.545937053580631e-05
11,12797,LD2,2100,750,9.889326985946601,0.00019053467997916687
11,12798,LD2,2100,750,9.889456328891564,0.00022906940259814578
11,12799,LD2,2100,750,9.88950082653846,0.00022963693455631016
11,12801,LD2,2100,750,9.88942883841216,0.00019829007673222466
11,12802,LD2,2100,750,9.88949580818,0.00022545183639615347
11,12813,LD2,2100,750,9.88923498324647,0.0001607607436134051
11,12814,LD2,2100,750,9.88938416891709,0.0001764115667788011
11,12815,LD2,2100,750,9.889531099350878,0.00021700413859542588
11,12816,LD2,2100,750,9.889615096924315,0.00023565827002368286
11,12817,LD2,2100,750,9.889729551084903,0.0002748269839713925
11,12819,LD2,2100,750,9.889676939949998,0.00029368924928761125
11,12820,LD2,2100,750,9.889584723430229,0.0002558894085167225
11,12824,LD2,2100,750,9.889463603745705,0.0002069704859450503
11,12825,LD2,2100,750,9.889498626310832,0.00023846274068713147
11,12826,LD2,2100,750,9.889478903499997,0.0002059260380107631
11,12827,LD2,2100,750,9.889492595714286,0.0001988181467979064
11,12828,LD2,2100,750,9.889398731469594,0.00022623101933229048
11,12829,LD2,2100,750,9.889295078827587,0.00018095045949329368
11,12830,LD2,2100,750,9.88927690295238,0.00020855245447992348
11,12894,LD2,2100,750,9.887787694227352,0.0005469608889798113
11,12896,LD2,2100,750,9.88855618617954,0.0002924802751555376
11,12897,LD2,2100,750,9.88883200605341,0.00044884084787404673
11,12902,LD2,2100,750,9.888928347920787,0.0009486284415346891
11,12903,LD2,2100,750,9.8884333704,0.000558887344406644
11,12904,LD2,2100,750,9.889049411608875,0.0006463380659459752
11,12906,LD2,2100,750,9.88919641060606,0.00019180164417618588
11,12907,LD2,2100,750,9.889249737026626,0.00019022575518790017
11,12908,LD2,2100,750,9.889312404743588,0.00021781625660304826
11,12909,LD2,2100,750,9.889293313127961,0.00020082439720528158
11,12911,LD2,2100,750,9.88923603,0.00016389667005099667
11,12912,LD2,2100,750,9.889166482190332,0.00022864350498542126
11,12913,LD2,2100,750,9.889152535876288,0.00012719595638376258
11,12914,LD2,2100,750,9.88921361617801,0.00018429532150029778
11,12915,LD2,2100,750,9.889246832057141,0.0002032987811807608
11,12916,LD2,2100,750,9.88924810002016,0.00023577533416157056
11,12917,LD2,2100,750,9.889388677749999,0.0002612594761487681
11,12918,LD2,2100,750,9.889591910624999,0.00031459366360797445
11,12919,LD2,2100,750,9.889427786971934,0.0002139827124688468
11,12920,LD2,2100,750,9.889538271092148,0.00026585344012187767
11,12921,LD2,2100,750,9.889660120595236,0.00024615900773545065
11,12932,LD2,2100,750,9.88949731862069,0.0002677333853495604
11,12933,LD2,2100,750,9.88946388114228,0.000254884122272003
11,12934,LD2,2100,750,9.889711439163179,0.00035187285919590565
11,12935,LD2,2100,750,9.889697106506716,0.00027007037779818425
11,12936,LD2,2100,750,9.889489339025488,0.0002908126068122304
11,12939,LD2,2100,750,9.888857123571425,0.00040198834532308294
11,12940,LD2,2100,750,9.88874499852615,0.0003602760942300014
11,12946,LD2,2100,750,9.888595968652846,0.00032891824404025424
11,12957,LD2,2100,750,9.888976306696629,0.0001946008069827918
11,12961,LD2,2100,750,9.888909038217212,0.000195076274283688
11,12962,LD2,2100,750,9.888887805145227,0.00017242287014379308
11,12963,LD2,2100,750,9.889028976874998,0.00016420796407680768
11,12965,LD2,2100,750,9.888989074475626,0.00018262748937371038
11,12968,LD2,2100,750,9.888931962116184,0.00018695551645150728
11,12969,LD2,2100,750,9.888909721257033,0.00018559327355372948
11,12970,LD2,2100,750,9.88894439874003,0.00024550327154114157
11,12971,LD2,2100,750,9.888848784878503,0.00018711776827247148
11,12972,LD2,2100,750,9.888702090702946,0.0002722825910817666
11,12975,LD2,2100,750,9.889112292348992,0.00016936628816882507
11,12976,LD2,2100,750,9.889093573988436,0.0001537299585248418
11,12977,LD2,2100,750,9.88913232111111,0.00018982445886599878
11,12979,LD2,2100,750,9.888903502894735,0.00017900591129759458
11,12980,LD2,2100,750,9.889050645602408,0.00017603401694849528
11,12982,LD2,2100,750,9.888544452419602,0.000324471481097188
11,12983,LD2,2100,750,9.888905518840579,0.00026521092960171596
11,12984,LD2,2100,750,9.889170756301143,0.00016379946958949978
11,12986,LD2,2100,750,9.889047973280114,0.0002510439323290085
11,12987,LD2,2100,750,9.889053873148935,0.00023009607125062248
11,12988,LD2,2100,750,9.888991131239669,0.0002647110916006996
11,12989,LD2,2100,750,9.889005397627905,0.00030169737595976036
11,13000,LD2,2100,750,9.888687699321704,0.0002441269859184957
11,13029,LD2,2100,750,9.888725510400695,0.00026751092765771566
11,13030,LD2,2100,750,9.888787821545138,0.0002484120675546205
11,13034,LD2,2100,750,9.88895840581272,0.0002833277959207686
11,13035,LD2,2100,750,9.88928736428312,0.00024567858129483403
11,13036,LD2,2100,750,9.889388614552844,0.000248833465797609
11,13038,LD2,2100,750,9.889044812282608,0.0003772468353499306
11,13039,LD2,2100,750,9.889059576265732,0.0005068722292919284
11,13040,LD2,2100,750,9.888958212892442,0.00041265402632346715
11,13044,LD2,2100,750,9.888863054873188,0.0001607447420072704
11,13045,LD2,2100,750,9.889032975951114,0.00024796839024474314
11,13048,LD2,2100,750,9.889197925833333,0.00017892040108845718
11,13049,LD2,2100,750,9.888874693804807,0.0002902844227659296
11,13050,LD2,2100,750,9.888840525437955,0.00024276458728681358
11,13051,LD2,2100,750,9.88889651961471,0.00026377057461577974
11,13052,LD2,2100,750,9.888928399206963,0.00024384597312185628
11,13053,LD2,2100,750,9.888919930476188,0.00020337021628006577
11,13054,LD2,2100,750,9.888897745454546,0.00023352803362577238
11,13055,LD2,2100,750,9.888906999382717,0.00017506976080250558
11,13058,LD2,2100,750,9.888823978034187,0.00024177295989077818
11,13059,LD2,2100,750,9.888825604746716,0.00026131445959042216
11,13060,LD2,2100,750,9.888775746442143,0.00022068414539623007
11,13061,LD2,2100,750,9.888842104709783,0.00023010172557225066
11,13062,LD2,2100,750,9.888970254548191,0.00021724182244080566
11,13063,LD2,2100,750,9.888956475507868,0.000229555367127535
14,13305,LD2,1470,750,5.9826809873333335,0.00015122591136808888
14,13306,LD2,1470,750,5.982725988505975,0.00022371366106865859
14,13307,LD2,1470,750,5.982761260728242,0.0003308881002664538
14,13308,LD2,1470,750,5.982658272138613,0.0001860969076439508
14,13309,LD2,1470,750,5.982725384516129,0.00029606247988802264
14,13314,LD2,1470,750,5.982840749559117,0.0002569808514910395
14,13315,LD2,1470,750,5.983046644047619,0.00035236475532015476
14,13316,LD2,1470,750,5.983218700437158,0.00033324212641683824
14,13317,LD2,1470,750,5.9828783938086945,0.00025648839527423844
14,13318,LD2,1470,750,5.982928593857615,0.0002700160619853259
14,13319,LD2,1470,750,5.982992085041736,0.00029049858503343677
14,13322,LD2,1470,750,5.9827301354033775,0.0003831646220674049
14,13323,LD2,1470,750,5.982746981515151,0.00039435466864173624
14,13324,LD2,1470,750,5.982743051742737,0.00033692032316171646
14,13325,LD2,1470,750,5.982716102678226,0.0003190741612105153
14,13342,LD2,1470,750,5.982882524669421,0.00034981331460890455
14,13344,LD2,1470,750,5.982802514069767,0.00033911706202007636
14,13353,LD2,1470,750,5.982537702742857,0.00023843354719491037
14,13357,LD2,1470,750,5.982682331940639,0.00040479222656084345
14,13358,LD2,1470,750,5.982526695325671,0.00024826898477627875
14,13359,LD2,1470,750,5.98257016972826,0.00030695739320272977
14,13360,LD2,1470,750,5.982585312247705,0.00031398988415387395
14,13361,LD2,1470,750,5.982591622893938,0.00032137655493813327
14,13362,LD2,1470,750,5.982556192804123,0.00025465099842951456
14,13363,LD2,1470,750,5.982746814390582,0.0004744372505451718
14,13364,LD2,1470,750,5.982880305625001,0.0005120340198722055
14,13368,LD2,1470,750,5.982553877233606,0.00041073087168527446
14,13369,LD2,1470,750,5.982557242352941,0.00041216504440418355
14,13370,LD2,1470,750,5.982489633692308,0.00035349830507287944
14,13371,LD2,1470,750,5.98306006464098,0.0005140692712031238
14,13372,LD2,1470,750,5.982682411896066,0.0005196471602818106
14,13373,LD2,1470,750,5.982520718922717,0.0004336065680205096
14,13381,LD2,1470,750,5.982632812280701,0.00017316501095202837
14,13382,LD2,1470,750,5.982677941436266,0.0002841787944154745
14,13384,LD2,1470,750,5.982685556156522,0.0003349618490978709
14,13385,LD2,1470,750,5.982618854525042,0.00027384650236120267
14,13387,LD2,1470,750,5.982654895877192,0.0003432212095523259
14,13388,LD2,1470,750,5.982673546380471,0.0003689709072376651
14,13389,LD2,1470,750,5.9826563140559434,0.00038627609412558933
14,13390,LD2,1470,750,5.982632438971962,0.00032482750212616955
14,13391,LD2,1470,750,5.98263558980273,0.00036875750874051553
14,13392,LD2,1470,750,5.982506465620436,0.00028538693847598176
14,13393,LD2,1470,750,5.982642335341506,0.00043430608987420457
14,13394,LD2,1470,750,5.983050929183302,0.0005065346930620788
14,13395,LD2,1470,750,5.982548964999999,0.0003292246822133792
14,13398,LD2,1470,750,5.982472161573705,0.0002321215844306693
14,13399,LD2,1470,750,5.982425572674418,0.00017101124751039677
14,13400,LD2,1470,750,5.9824941643785845,0.00032928199232998067
14,13402,LD2,1470,750,5.982499825555554,0.00037507912886387774
14,13403,LD2,1470,750,5.982529296414634,0.0003067226478333107
14,13406,LD2,1470,750,5.982517197657046,0.00038828110410561294
14,13407,LD2,1470,750,5.982520240340314,0.0004059146678229738
8,13453,LD2,1470,750,5.982643545865835,0.00033965007109577
8,13454,LD2,1470,750,5.982752776576355,0.0004300340250788007
8,13455,LD2,1470,750,5.982699480129869,0.00039125375741277626
8,13468,LD2,0,750,5.982681796264151,0.0002952792093855648
8,13470,LD2,0,750,5.9827669092960285,0.00034177397342581296
8,13472,LD2,0,750,5.98270566966292,0.00031436889642668466
8,13473,LD2,0,750,5.9826533595999996,0.0002438835700171823
8,13474,LD2,0,750,5.982857242355289,0.0004228855940348178
8,13475,LD2,0,750,5.98278411835,0.00037229969144122625
8,13476,LD2,0,750,5.982804293913043,0.0004392199896686682
8,13477,LD2,0,750,5.982772262827442,0.00041908094410646386
8,13478,LD2,0,750,5.982582707112527,0.00030830204312474346
8,13479,LD2,0,750,5.9826773034090905,0.0004909708036814732
8,13491,LD2,1470,750,5.982814512525398,0.0005963742819506581
8,13492,LD2,1470,750,5.982515005860534,0.00035500337573614863
8,13493,LD2,1470,750,5.982503903641703,0.0003978449051158849
8,13494,LD2,1470,750,5.982460089414634,0.0003916587681588202
8,13495,LD2,1470,750,5.982450293803418,0.0003873562614101147
8,13496,LD2,1470,750,5.982541395776397,0.00043854854475244907
8,13497,LD2,1470,750,5.982442544330707,0.00035624791041858575
8,13502,LD2,1470,750,5.982732962207084,0.00037731671756892875
8,13503,LD2,1470,750,5.98267532802985,0.0003732899995822344
8,13504,LD2,1470,750,5.982761044732333,0.00042249451558966085
8,13505,LD2,1470,750,5.982642991174089,0.00034400072030497085
8,13544,LD2,2100,750,5.982373536908212,0.00029419708707390066
8,13545,LD2,2100,750,5.98236286290909,0.0003077736952990742
8,13546,LD2,2100,750,5.982305135699999,0.00023946168012979518
8,13547,LD2,2100,750,5.9824143246188335,0.0004330932818393244
8,13548,LD2,2100,750,5.982358085432098,0.00043514869745646547
8,13549,LD2,2100,750,5.982469507391304,0.0005169198643400321
8,13550,LD2,2100,750,5.982523649760479,0.00048456542860168177
8,13551,LD2,2100,750,5.982948373928571,0.0005365958244775653
8,13552,LD2,2100,750,5.982616552477064,0.00040774939124371457
8,13554,LD2,2100,750,5.983085293582676,0.0005126511732679254
8,13556,LD2,2100,750,5.982425204585366,0.00035812038898979797
8,13557,LD2,2100,750,5.982699785566501,0.0005678775280647744
8,13558,LD2,1470,750,5.982504277434944,0.00047086082694179957
8,13559,LD2,1470,750,5.982416441670378,0.0004231629630879222
8,13560,LD2,1470,750,5.982349900843749,0.000456508970233845
8,13561,LD2,1470,750,5.982383085287672,0.00047588010493900435
8,13562,LD2,1470,750,5.98228494135321,0.0004521492332630044
8,13563,LD2,1470,750,5.982157697305195,0.0003020342529092849
8,13564,LD2,1470,750,5.982053923431733,0.0002646682758202478
8,13565,LD2,1470,750,5.982263209635761,0.00045712299026619063
8,13566,LD2,1470,750,5.982238082089202,0.00042654429938701583
8,13567,LD2,1470,750,5.9822572061269135,0.00031793393761725386
8,13568,LD2,1470,750,5.982340111145833,0.00044613996114162426
8,13569,LD2,1470,750,5.982311601192308,0.00034726817943207756
8,13570,LD2,1470,750,5.982322715594713,0.0002822299943290558
8,13571,LD2,1470,750,5.982309526860987,0.00019468233424392448
8,13581,LD2,1050,750,5.9826391294210515,0.0005049020896317703
8,13582,LD2,1050,750,5.9827721929216855,0.00046890938261859744
8,13583,LD2,1050,750,5.98253963273913,0.00029381032790672037
8,13584,LD2,1050,750,5.982526752969348,0.0002779541191569126
8,13585,LD2,1050,750,5.9826914596091205,0.00033960588796363235
8,13586,LD2,1050,750,5.982716438394496,0.00026799947709292777
8,13587,LD2,1470,750,5.982673751082568,0.00026901015989339077
8,13588,LD2,1470,750,5.98304493410287,0.00036243826678190817
8,13589,LD2,1470,750,5.982918813918128,0.0003348839182245309
8,13590,LD2,1470,750,5.983130124315789,0.0002481833359516387
8,13591,LD2,1470,750,5.982870619899832,0.00019481166378506348
8,13592,LD2,1470,750,5.983418623443858,0.0001236921409629188
8,13593,LD2,1470,750,5.9829610332844565,0.0004425274686933659
8,13596,LD2,1470,750,5.982502058697571,0.0002987054692205636
8,13597,LD2,1470,750,5.982405472225432,0.0002708439297529042
8,13608,LD2,1470,750,5.982531132619589,0.00043126073436860866
8,13609,LD2,1470,750,5.9826022141573025,0.00042658258307846756
8,13610,LD2,1470,750,5.982570976650246,0.00041839044654466885
8,13612,LD2,1470,750,5.982444320321781,0.00023096371512931998
8,13613,LD2,1470,750,5.982540574976302,0.00034509905384184594
8,13614,LD2,1470,750,5.982673965746269,0.0004496960949623104
8,13615,LD2,1470,750,5.982540911138353,0.00036643474026668314
8,13616,LD2,1470,750,5.982529653931947,0.0003111833738135971
8,13617,LD2,1470,750,5.98250471264,0.0002036254448644322
8,13618,LD2,1470,750,5.982571941167001,0.0002061451319571546
8,13619,LD2,1470,750,5.983351628947367,0.00025911796715461877
8,13620,LD2,1470,750,5.982863350124416,0.00039535748799732396
9,13660,LD2,1470,750,4.026795286433333,0.0001332396115533655
9,13661,LD2,1470,750,4.02684096868421,8.886330131651192e-05
9,13662,LD2,1470,750,4.0268069713833325,0.00012432307889144738
9,13664,LD2,1470,750,4.026864864052133,8.360649307004584e-05
9,13665,LD2,1470,750,4.026779732894737,0.00015420427916444318
9,13666,LD2,1470,750,4.0267664139325845,0.0001707533721760299
9,13677,LD2,1470,750,4.02677702911833,8.334276431076794e-05
9,13678,LD2,1470,750,4.026681167581395,0.00011210288261462499
9,13679,LD2,1470,750,4.0267657719642855,7.69328941852886e-05
9,13680,LD2,1470,750,4.026772466467781,6.157871853928155e-05
9,13681,LD2,1470,750,4.026783804679089,5.6197072940720864e-05
9,13682,LD2,1470,750,4.026724875833333,9.525482980984046e-05
9,13684,LD2,1470,750,4.026738838981132,6.061480241878106e-05
9,13685,LD2,1470,750,4.02672267142056,6.73407152760197e-05
9,13686,LD2,1470,750,4.026704107307343,9.601907997293182e-05
9,13687,LD2,1470,750,4.0267588441,7.827191691877474e-05
9,13688,LD2,1470,750,4.026737713080459,5.426711861160223e-05
9,13689,LD2,1470,750,4.026749192153845,3.03564477035796e-05
9,13694,LD2,1470,750,4.026711440330578,6.587715647705255e-05
9,13695,LD2,1470,750,4.0267352401666665,4.703025388749868e-05
9,13698,LD2,1470,750,4.026634478,9.637587458357844e-05
9,13699,LD2,1470,750,4.026634163067568,9.591944280700687e-05
9,13700,LD2,1470,750,4.026611614179104,0.00010812082207335199
9,13710,LD2,1470,750,4.026838165135135,6.29439848072329e-05
9,13711,LD2,1470,750,4.0268545971666665,6.344850417191549e-05
9,13712,LD2,1470,750,4.026855598964029,9.062064174828468e-05
9,13714,LD2,1470,750,4.026908690655738,7.725709898319964e-05
9,13715,LD2,1470,750,4.026943985273159,8.770159485171783e-05
9,13716,LD2,1470,750,4.0269639726621165,0.00012891929040982538
9,13717,LD2,1470,750,4.026966912360515,0.00014956439377504128
9,13721,LD2,1470,750,4.026929478691407,0.00010501181461073918
9,13723,LD2,1470,750,4.0269953564653465,0.0001407357627775678
9,13724,LD2,1470,750,4.027077439885714,0.00020774646141035567
9,13727,LD2,1470,750,4.0270193041980615,0.0001785173531135144
9,13728,LD2,1470,750,4.027010746383721,0.0001194216506743072
9,13729,LD2,1470,750,4.0269777999709575,0.00020136173033012258
9,13731,LD2,1470,750,4.027007567512639,0.00019046150329192547
9,13732,LD2,1470,750,4.026923761001564,0.00022611283638070088
9,13734,LD2,1470,750,4.027004255216907,0.00013166926894806058
9,13736,LD2,1470,750,4.027001589400631,0.00012727959569198497
9,13737,LD2,1470,750,4.026836957449276,0.00036747756167859817
9,13746,LD2,1470,750,4.0264374557494405,0.0007185987537811935
9,13748,LD2,1470,750,4.026703214578791,0.0005688601493222069
9,13749,LD2,1470,750,4.0267453990662645,0.0005046120284139595
9,13753,LD2,1470,750,4.026415874608599,0.0007400320509805848
9,13754,LD2,1470,750,4.025650780346535,0.0005972195820514144
9,13755,LD2,1470,750,4.026708501999999,0.0006253021243648346
9,13756,LD2,1470,750,4.0265116656521736,0.0007064609185090531
9,13757,LD2,1470,750,4.02699108875,4.7875085778161285e-05
9,13758,LD2,1470,750,4.027001536666666,3.446808268211077e-05
9,13760,LD2,1470,750,4.026980808,1.7289545643952743e-05
9,13761,LD2,1470,750,4.027023602666667,2.782351304403691e-05
9,13764,LD2,1470,750,4.026759002874495,0.0005713283894197819
9,13765,LD2,1470,750,4.026865345,0.00044837537540446
9,13766,LD2,1470,750,4.0269439618614715,0.0003064275547091326
9,13767,LD2,1470,750,4.026822217372092,0.0005334058461953515
9,13770,LD2,1470,750,4.026833354566116,0.0004919929073491575
9,13771,LD2,1470,750,4.026965312110092,0.00022567225457997478
9,13773,LD2,1470,750,4.026556613547297,0.0007303663489240405
9,13775,LD2,1470,750,4.026056335682382,0.0008193848737517112
9,13776,LD2,1470,750,4.026897434932936,0.0004665852249361045
9,13777,LD2,1470,750,4.026794435359342,0.0005531932107568156
9,13778,LD2,1470,750,4.026801277066531,0.0005377315461491579
9,13779,LD2,1470,750,4.02679502074795,0.0005345584178218126
9,13793,LD2,1470,750,4.026579532630057,0.0007028761256982561
9,13797,LD2,1470,750,4.026945807965117,0.000260784008781373
9,13798,LD2,1470,750,4.026957582568807,0.000282505384027457
9,13799,LD2,1470,750,4.02662034370297,0.0006770460940745448